FID,event_id,slip_dir,pgdef_m,sigma,sigma_mu,dist_type,ls_cond,amu,bmu
0,1,170.5,0.2295,0.6,0.25,lognormal,ground_slope,0.40534712654353855,-1.7924134263983191
1,4,164.0,0.1912,0.6,0.25,lognormal,ground_slope,0.42186544993747294,-1.9465762669786564
