event_id,magnitude,annual_rate,dip,rake,dip_dir,z_tor,z_bor,fault_trace,crossing_exist,well_ind_crossed,intersecting_well_segment_ind,intersection_lon_lat,fault_crossing_depth_m,fault_angle_deg
1.0,6.5,0.0,76,-150,68,1.0095,4.8542,"[[-118.570394, 34.425859], [-118.595603, 34.476694]]",True,"[0, 1, 9]","[164, 138, 0]","[[-118.581426, 34.449548], [-118.58034, 34.446173], [-118.580867, 34.448309]]","[1252.7, 1051.9, 1233.9]","[14.0, 14.6, 14.0]"
2.0,5.0,0.0,45,0,90,0.0,20.294,"[[-118.7, 34.4], [-118.4, 34.8]]",False,[],[],[],[],[]
3.0,5.0,1.0,77,-150,68,1.0095,4.8542,"[[-118.570394, 34.425859], [-118.595603, 34.476694], [-118.61, 34.52]]",True,"[0, 1, 9]","[167, 138, 0]","[[-118.581427, 34.449552], [-118.580341, 34.446173], [-118.580867, 34.448309]]","[1272.7, 1055.2, 1251.8]","[12.7, 13.6, 13.0]"
