EventID,EventName,Magnitude,AnnualRate,Dip,Rake,DipDir,UpperDepth,LowerDepth,FaultTrace
1,SanGabriel,6.5,0,76,-150,68,1.0095,4.8542,"[[-118.570394,34.425859],[-118.595603,34.476694]]"
2,Virtual,5,0,45,0,90,0,20.294,"[[-118.7,34.4],[-118.4,34.8]]"
3,SanGabriel,5,1,77,-150,68,1.0095,4.8542,"[[-118.570394,34.425859],[-118.595603,34.476694],[-118.61,34.52]]"
