FID,event_id,slip_dir,pgdef_m,sigma,sigma_mu,dist_type,ls_cond,amu,bmu
0,198.0,220.9,0.0971,0.6,0.25,lognormal,na,23.849041753750445,-4.647101476296825
1,418.0,200.2,0.5111,0.6,0.25,lognormal,ground_slope,1.5776068934093714,-1.768632201872308
2,421.0,199.2,0.1253,0.6,0.25,lognormal,na,3.69761425522447,-3.0216331374839824
3,929.0,199.2,0.2436,0.6,0.25,lognormal,ground_slope,11.242287179249189,-4.129399877266014
