FID,event_id,slip_dir,pgdef_m,sigma,sigma_mu,dist_type,ls_cond,amu,bmu
0,418.0,200.2,0.467,0.6,0.25,lognormal,ground_slope,1.7505673053548956,-1.9808457124666066
1,421.0,199.2,0.0758,0.6,0.25,lognormal,na,12.095299363617187,-3.792762567990495
2,929.0,199.2,0.1319,0.6,0.25,lognormal,na,10.700381294300634,-4.021338227364106
